<?xml version="1.0" encoding="UTF-8" standalone="yes"?>
<addon id="repository.mrstealth.frodo"
     name="Mrstealth XBMC Frodo Add-ons" 
	 version="1.0.1" 
	 provider-name="MrStealth">
<requires>
  <import addon="xbmc.addon" version="12.0.0"/>
</requires>	
	<extension point="xbmc.addon.repository" name="MrStealth XBMC Frodo Add-ons Repository">
		<info compressed="false">https://mrstealth-frodo.googlecode.com/svn/trunk/addons/addons.xml</info>
		<checksum>https://mrstealth-frodo.googlecode.com/svn/trunk/addons/addons.xml.md5</checksum>
		<datadir zip="false">https://mrstealth-frodo.googlecode.com/svn/trunk/addons/</datadir>
	</extension>
	<extension point="xbmc.addon.metadata">
		<summary>Install Add-ons from MrStealth add-on repository</summary>
		<summary lang="ru">Установить дополнения из репозитория MrStealth</summary>
		<description>Download and install add-ons by MrStealth</description>
		<description lang="ru">Загружайте и устанавливайте плагины автора MrStealth, форум XBMC.ru.[CR]Если вы обнаружили нерабочее дополнение, сообщите об этом разработчикам плагина в разделе форума "Помощь по плагинам".</description>
		<disclaimer lang="en">Team XBMC did not make all the add-ons on this repository and are not responsible for their content</disclaimer>
		<disclaimer lang="ru">Разработчики XBMC не являются авторами этих дополнений и не несут ответственность за их содержимое.</disclaimer>
		<disclaimer>Add-ons for home usage in XBMC</disclaimer>
		<platform>all</platform>
	</extension>
</addon>

