<?xml version="1.0" encoding="UTF-8" standalone="yes"?>
<addon id="repository.basedsecurity" name="Based_Skid's Repository" version="0.0.1" provider-name="Based_Skid">
	<extension point="xbmc.addon.repository" name="Based_Sec Repository">
		<info compressed="false">https://raw.githubusercontent.com/Based-Skid/repository.basedsecurity/master/addons.xml</info>
		<checksum>https://raw.githubusercontent.com/Based-Skid/repository.basedsecurity/master/addons.xml.md5</checksum>
		<datadir zip="true">https://raw.githubusercontent.com/Based-Skid/repository.basedsecurity/master/zips</datadir>
	</extension>
	<extension point="xbmc.addon.metadata">
		<summary>Based_Sec Repository.</summary>
		<description>Based_Sec Repository, Powered by Github!</description>
		<platform>all</platform>
	</extension>
</addon>

